{
	"pages": [ //pages数组中第一项表示应用启动页，参考：https://uniapp.dcloud.io/collocation/pages
	
	{
		"path": "pages/index/index",
		"style": {
			"navigationBarTitleText": "首页",
			"usingComponents": {
				"van-grid": "/components/dist/grid/index",
				"van-grid-item": "/components/dist/grid-item/index",
				"van-icon": "/components/dist/icon/index",
				"van-sidebar": "/components/dist/sidebar/index",
				"van-sidebar-item": "/components/dist/sidebar-item/index",
				"van-card": "/components/dist/card/index"
			}
		}
	},
	{
		"path": "pages/find/find",
		"style": {
			"navigationBarTitleText": "发现",
			"enablePullDownRefresh": true,
			"onReachBottomDistance": 0,
			"usingComponents": {
				"van-grid": "/components/dist/grid/index",
				"van-grid-item": "/components/dist/grid-item/index",
				"van-toast": "/components/dist/toast/index",
				"van-loading": "/components/dist/loading/index"
	
			}
		}
	},
	{
	    "path" : "pages/find/detail",
	    "style" : {
			"navigationBarTitleText": "详情",
				"usingComponents": {
					"van-image": "/components/dist/image/index",
					"van-panel": "/components/dist/panel/index",
					"van-grid": "/components/dist/grid/index",
					"van-toast": "/components/dist/toast/index",
					"van-grid-item": "/components/dist/grid-item/index"
				}
			}
	},
	{
	    "path" : "pages/find/museum_info",
	    "style" : {
			"navigationBarTitleText": "博物馆信息"
		}
	},
	{
		 "path" : "pages/find/museum_detail",
		 "style" : {
		 	"navigationBarTitleText": "博物馆详情",
			"usingComponents": {
				"van-dialog": "/components/dist/dialog/index",
				"van-popup": "/components/dist/popup/index",
				"van-radio": "/components/dist/radio/index",
				"van-radio-group": "/components/dist/radio-group/index",
				"van-switch": "/components/dist/switch/index"
			}
		 }
	},
	{
		 "path" : "pages/find/flowers_detail",
		 "style" : {
		 	"navigationBarTitleText": "牡丹花类别"
		 }
	},
	{
		"path": "pages/guildmap/guildmap",
		"style": {
			"navigationBarTitleText": "地图导览",
			"usingComponents": {
				"van-tabbar": "/components/dist/tabbar/index",
				"van-tabbar-item": "/components/dist/tabbar-item/index",
				"van-button": "/components/dist/button/index",
				"van-dialog": "/components/dist/dialog/index",
				"van-popup": "/components/dist/popup/index",
				"van-radio": "/components/dist/radio/index",
				"van-radio-group": "/components/dist/radio-group/index",
				"van-notify": "/components/dist/notify/index"
			}
		}
	},
	{
	    "path" : "pages/realmap/realmap",
	    "style" : {
			"navigationBarTitleText": "具体地图"
		}
	},  
	{
	    "path" : "pages/find/collectactivity",
	    "style" : {
			"navigationBarTitleText": "收集活动",
			"usingComponents": {
				"van-toast": "/components/dist/toast/index"
			}
		}
	},
	{
	    "path" : "pages/find/servercenter",
	    "style" : {
			"navigationBarTitleText": "服务中心"
		}
	},
	
	{
	    "path" : "pages/my/editInfo",
	    "style" : {
			"navigationBarTitleText": "编辑",
			"usingComponents": {
			"van-field": "/components/dist/field/index",
			"van-toast": "/components/dist/toast/index",
			"van-button": "/components/dist/button/index",
			"van-image": "/components/dist/image/index"
			}
		}
	},
	{
		"path": "pages/my/my",
		"style": {
			"navigationBarTitleText": "我的",
			"usingComponents": {
				"van-image": "/components/dist/image/index",
				"van-panel": "/components/dist/panel/index",
				"van-grid": "/components/dist/grid/index",
				"van-grid-item": "/components/dist/grid-item/index"
			}
		}
		
	},{
	    "path" : "pages/my/apply",
	    "style" : {
			"navigationBarTitleText": "我的报名",
			"usingComponents": {
			"van-card": "/components/dist/card/index",
			"van-toast": "/components/dist/toast/index",
			"van-divider": "/components/dist/divider/index",
			"van-button": "/components/dist/button/index"
			}
		}
	}
	],
	"tabBar": {
		"color": "#7A7E83",
		"selectedColor": "#00aaff",
		"borderStyle": "black",
		"backgroundColor": "#ffffff",
		"list": [{
				"pagePath": "pages/index/index",
				"iconPath": "static/icon/home.png",
				"selectedIconPath": "static/icon/home_active.png",
				"text": "首页"
			}, {
				"pagePath": "pages/find/find",
				"iconPath": "./static/icon/find.png",
				"selectedIconPath": "./static/icon/find_active.png",
				"text": "发现"
			},
			{
				"pagePath": "pages/my/my",
				"iconPath": "static/icon/my.png",
				"selectedIconPath": "static/icon/my_active.png",
				"text": "我的"
			}

		]
	},
	"globalStyle": {
		"navigationBarTextStyle": "black",
		"navigationBarTitleText": "uni-app",
		"navigationBarBackgroundColor": "#F8F8F8",
		"backgroundColor": "#F8F8F8"
	}

}
