{
  "navigationBarTitleText": "地图导览",
  "usingComponents": {
    "van-tabbar": "/components/dist/tabbar/index",
    "van-tabbar-item": "/components/dist/tabbar-item/index",
    "van-button": "/components/dist/button/index",
    "van-dialog": "/components/dist/dialog/index",
    "van-popup": "/components/dist/popup/index",
    "van-radio": "/components/dist/radio/index",
    "van-image": "/components/dist/image/index",
    "van-radio-group": "/components/dist/radio-group/index",
    "van-notify": "/components/dist/notify/index"
  }
}